{
  "name": "Dan",
  "age": 33,
  "sex": "male",
  "stats": {
    "str": 15,
    "dex": 9,
    "con": 12,
    "int": 12,
    "wis": 14,
    "cha": 9,
    "str_xp": 106.66666666666666,
    "dex_xp": 103.33333333333333,
    "con_xp": 3.3333333333333335,
    "int_xp": 173.33333333333331,
    "wis_xp": 90.0,
    "cha_xp": 3.3333333333333335
  },
  "backstory": "",
  "portrait": "mage.txt",
  "portrait_color": "red",
  "rank": 1,
  "created_at": "2026-06-15T14:59:37.245838+07:00"
}