{
  "name": "Dan",
  "age": 33,
  "sex": "male",
  "stats": {
    "str": 15,
    "dex": 9,
    "con": 12,
    "int": 12,
    "wis": 14,
    "cha": 9,
    "str_xp": 165.0,
    "dex_xp": 133.33333333333331,
    "con_xp": 61.66666666666667,
    "int_xp": 173.33333333333331,
    "wis_xp": 90.0,
    "cha_xp": 6.666666666666667
  },
  "backstory": "",
  "portrait": "mage.txt",
  "portrait_color": "red",
  "rank": 1,
  "coins": 2,
  "created_at": "2026-06-15T14:59:37.245838+07:00"
}